audit_id,source_id,candidate_url,predicted_accepted,scope,format,text_hint,score_band,stratum,population_count,sample_count,title,score,subject,grade,document_type,referring_url,reasons,evidence,observations,conflicting_decisions,review_label,reviewer,review_notes,review_evidence
309623acabbf8ee3ac0a,alapiedu,https://alapiedu.com/Category/marking_hub/MarkingSubject?subject=Biology,false,external_control,html_or_opaque,no_sinhala_signal,below_threshold,alapiedu|false|external_control|html_or_opaque|no_sinhala_signal|below_threshold,37,12,Biology,2,Biology,,other,https://www.alapiedu.com/,"[""configured_subject:Biology +3"", ""educational_keyword:marking +2"", ""category_or_listing_page -3""]","{""after"": """", ""anchor"": ""Biology"", ""before"": ""Quick Links Marking Schemes Available for All A/L Science Subjects Combined Physics Chemistry"", ""title"": """"}",2,false,,,,
521ea580bba095d2e13b,alapiedu,https://alapiedu.com/NoteSearch.php?subject=Biology,false,external_control,html_or_opaque,no_sinhala_signal,below_threshold,alapiedu|false|external_control|html_or_opaque|no_sinhala_signal|below_threshold,37,12,Biology,3,Biology,,other,https://www.alapiedu.com/,"[""configured_subject:Biology +3""]","{""after"": """", ""anchor"": ""Biology"", ""before"": ""Quick Links Notes Available for All A/L Science Subjects Combined Physics Chemistry"", ""title"": """"}",2,false,,,,
60af79a4f5c70d84a4e3,alapiedu,https://alapiedu.com/Category/paper_hub/PaperSubject?subject=Combined,false,external_control,html_or_opaque,no_sinhala_signal,below_threshold,alapiedu|false|external_control|html_or_opaque|no_sinhala_signal|below_threshold,37,12,01 Combined Maths Past Papers & Resources,-1,,,past_paper,https://www.alapiedu.com/,"[""educational_keyword:paper +2"", ""category_or_listing_page -3""]","{""after"": """", ""anchor"": ""01 Combined Maths Past Papers & Resources"", ""before"": ""Take Breaks Stay Hydrated Practice Tests Avoid Cramming Paper Hub Select your subject below to easily view the relevant past exam papers."", ""title"": """"}",2,false,,,,
893189c921236a5a0a4e,alapiedu,https://alapiedu.com/Category/marking_hub/MarkingSubject?subject=ICT,false,external_control,html_or_opaque,no_sinhala_signal,below_threshold,alapiedu|false|external_control|html_or_opaque|no_sinhala_signal|below_threshold,37,12,ICT,-1,,,other,https://www.alapiedu.com/,"[""educational_keyword:marking +2"", ""category_or_listing_page -3""]","{""after"": ""ADVERTISEMENT Guide Hub Browse and download official A/L Teachers' Guides to support effective teaching and classroom preparation. A/L SCIENCE RESOURCES Expert Teacher Guides Comple"", ""anchor"": ""ICT"", ""before"": ""Marking Schemes Available for All A/L Science Subjects Combined Physics Chemistry Biology"", ""title"": """"}",2,false,,,,
9d4c5361a222fd248c5e,alapiedu,https://alapiedu.com/Category/paper_hub/PaperSubject?subject=General+knowledge,false,external_control,html_or_opaque,no_sinhala_signal,below_threshold,alapiedu|false|external_control|html_or_opaque|no_sinhala_signal|below_threshold,37,12,Paper,-1,,,other,https://www.alapiedu.com/,"[""educational_keyword:paper +2"", ""category_or_listing_page -3""]","{""after"": """", ""anchor"": ""Paper"", ""before"": ""Tap to explore Paper Marking Notes General Knowledge Tap to explore"", ""title"": """"}",4,false,,,,
a12811b1a5ed19238646,alapiedu,https://alapiedu.com/Category/marking_hub/MarkingSubject?subject=Ict,false,external_control,html_or_opaque,no_sinhala_signal,below_threshold,alapiedu|false|external_control|html_or_opaque|no_sinhala_signal|below_threshold,37,12,Marking,-1,,,other,https://www.alapiedu.com/,"[""educational_keyword:marking +2"", ""category_or_listing_page -3""]","{""after"": """", ""anchor"": ""Marking"", ""before"": ""Paper Marking Notes ICT Tap to explore Paper"", ""title"": """"}",2,false,,,,
bf56f71d433935929368,alapiedu,https://alapiedu.com/Category/marking_hub/MarkingSubject?subject=Agriculture,false,external_control,html_or_opaque,no_sinhala_signal,below_threshold,alapiedu|false|external_control|html_or_opaque|no_sinhala_signal|below_threshold,37,12,Marking,-1,,,other,https://www.alapiedu.com/,"[""educational_keyword:marking +2"", ""category_or_listing_page -3""]","{""after"": """", ""anchor"": ""Marking"", ""before"": ""Paper Marking Notes Agriculture Tap to explore Paper"", ""title"": """"}",2,false,,,,
d92ab19ae1b4effecbd4,alapiedu,https://t.me/AL_Api_Advertising_bot,false,external_control,html_or_opaque,no_sinhala_signal,below_threshold,alapiedu|false|external_control|html_or_opaque|no_sinhala_signal|below_threshold,37,12,Telegram @AL_Api_Advertising_bot Connect 02,0,,,other,https://www.alapiedu.com/Contact,[],"{""after"": """", ""anchor"": ""Telegram @AL_Api_Advertising_bot Connect 02"", ""before"": ""Options Reach out to us anytime — we're here to help! WhatsApp +94 78 241 9390 Message Now 01"", ""title"": """"}",1,false,,,,
d94e0fd5621dbf8cd81f,alapiedu,https://alapiedu.com/NoteSearch.php?subject=Combined+Mathematics,false,external_control,html_or_opaque,no_sinhala_signal,below_threshold,alapiedu|false|external_control|html_or_opaque|no_sinhala_signal|below_threshold,37,12,Combined,0,,,other,https://www.alapiedu.com/,[],"{""after"": """", ""anchor"": ""Combined"", ""before"": ""Browse All Notes Dream big. Work hard. Quick Links Notes Available for All A/L Science Subjects"", ""title"": """"}",2,false,,,,
e3a8739e4da6cdedc00a,alapiedu,https://alapiedu.com/Category/paper_hub/PaperSubject?subject=Chemistry,false,external_control,html_or_opaque,no_sinhala_signal,below_threshold,alapiedu|false|external_control|html_or_opaque|no_sinhala_signal|below_threshold,37,12,04 Chemistry Past Papers & Resources,2,Chemistry,,past_paper,https://www.alapiedu.com/,"[""configured_subject:Chemistry +3"", ""educational_keyword:paper +2"", ""category_or_listing_page -3""]","{""after"": """", ""anchor"": ""04 Chemistry Past Papers & Resources"", ""before"": ""02 Biology Past Papers & Resources 03 Physics Past Papers & Resources"", ""title"": """"}",2,false,,,,
fc92418b6fbdaf8ec2c1,alapiedu,https://alapiedu.com/Category/marking_hub/MarkingSubject?subject=Chemistry,false,external_control,html_or_opaque,no_sinhala_signal,below_threshold,alapiedu|false|external_control|html_or_opaque|no_sinhala_signal|below_threshold,37,12,Marking,-1,,,other,https://www.alapiedu.com/,"[""educational_keyword:marking +2"", ""category_or_listing_page -3""]","{""after"": """", ""anchor"": ""Marking"", ""before"": ""Paper Marking Notes Chemistry Tap to explore Paper"", ""title"": """"}",4,false,,,,
ff477936453536d9185f,alapiedu,https://www.instagram.com/a_l_api_lk?igsh=MXBieG5yZ3kwa3ZtMQ%3D%3D&utm_source=qr,false,external_control,html_or_opaque,no_sinhala_signal,below_threshold,alapiedu|false|external_control|html_or_opaque|no_sinhala_signal|below_threshold,37,12,a l api lk,0,,,other,https://www.alapiedu.com/,[],"{""after"": """", ""anchor"": """", ""before"": ""Home Paper Hub Note Hub Marking Hub +94 70 241 9390 ALapiedu@gmail.com"", ""title"": """"}",9,false,,,,
0a13caaac371ea94a163,alapiedu,https://t.me/mathsbio_api_Team,false,external_control,html_or_opaque,sinhala_present,below_threshold,alapiedu|false|external_control|html_or_opaque|sinhala_present|below_threshold,7,7,𝗠𝗔𝗧𝗛𝗦 𝗕𝗜𝗢 අපි Maths & Biology Join Telegram,3,Biology,,other,https://www.alapiedu.com/AboutEng,"[""configured_subject:Biology +3""]","{""after"": """", ""anchor"": ""𝗠𝗔𝗧𝗛𝗦 𝗕𝗜𝗢 අපි Maths & Biology Join Telegram"", ""before"": ""Telegram 𝗔𝗟 අපි WhatsApp Channel Join 💬 WhatsApp WhatsApp"", ""title"": """"}",1,false,,,,
2813bc89edbf36c662a8,alapiedu,https://t.me/ict_api_Team,false,external_control,html_or_opaque,sinhala_present,below_threshold,alapiedu|false|external_control|html_or_opaque|sinhala_present|below_threshold,7,7,ICT අපි Information Technology Join Telegram,0,,,other,https://www.alapiedu.com/AboutEng,[],"{""after"": """", ""anchor"": ""ICT අපි Information Technology Join Telegram"", ""before"": ""Join Telegram 𝗖𝗛𝗘𝗠𝗜𝗦𝗧𝗥𝗬 අපි Chemistry Join Telegram"", ""title"": """"}",1,false,,,,
42f338425aff763113f4,alapiedu,https://t.me/physics_api_Team,false,external_control,html_or_opaque,sinhala_present,below_threshold,alapiedu|false|external_control|html_or_opaque|sinhala_present|below_threshold,7,7,𝗣𝗛𝗬𝗦𝗜𝗖𝗦 අපි Physics Join Telegram,3,Physics,,other,https://www.alapiedu.com/AboutEng,"[""configured_subject:Physics +3""]","{""after"": """", ""anchor"": ""𝗣𝗛𝗬𝗦𝗜𝗖𝗦 අපි Physics Join Telegram"", ""before"": ""💬 WhatsApp WhatsApp 𝗠𝗔𝗧𝗛𝗦 𝗕𝗜𝗢 අපි Maths & Biology Join Telegram"", ""title"": """"}",1,false,,,,
5774a5020fce3a32a5bb,alapiedu,https://whatsapp.com/channel/0029VaandNw0bIdfgGKT6Q1D,false,external_control,html_or_opaque,sinhala_present,below_threshold,alapiedu|false|external_control|html_or_opaque|sinhala_present|below_threshold,7,7,𝗔𝗟 අපි WhatsApp Channel Join 💬 WhatsApp WhatsApp,0,,,other,https://www.alapiedu.com/AboutEng,[],"{""after"": """", ""anchor"": ""𝗔𝗟 අපි WhatsApp Channel Join 💬 WhatsApp WhatsApp"", ""before"": ""Main and sub channels for every subject — join our community today! 𝗔𝗟 අපි Main Telegram Channel Join ⭐ Main Channel Telegram"", ""title"": """"}",2,false,,,,
6767d49048e33bdacdc8,alapiedu,https://alapiedu.com/,false,external_control,html_or_opaque,sinhala_present,below_threshold,alapiedu|false|external_control|html_or_opaque|sinhala_present|below_threshold,7,7,For A/L Students ALapiedu .com Sri Lankan A/L Science students,3,Science,12-13,other,https://www.alapiedu.com/AboutEng,"[""configured_subject:Science +3"", ""explicit_grade_or_level:12-13 +3"", ""category_or_listing_page -3""]","{""after"": """", ""anchor"": ""For A/L Students ALapiedu .com Sri Lankan A/L Science students"", ""before"": ""Join Telegram ICT අපි Information Technology Join Telegram"", ""title"": """"}",1,false,,,,
b58d74a93cb3c0619d44,alapiedu,https://t.me/chemistry_api_Team,false,external_control,html_or_opaque,sinhala_present,below_threshold,alapiedu|false|external_control|html_or_opaque|sinhala_present|below_threshold,7,7,𝗖𝗛𝗘𝗠𝗜𝗦𝗧𝗥𝗬 අපි Chemistry Join Telegram,3,Chemistry,,other,https://www.alapiedu.com/AboutEng,"[""configured_subject:Chemistry +3""]","{""after"": """", ""anchor"": ""𝗖𝗛𝗘𝗠𝗜𝗦𝗧𝗥𝗬 අපි Chemistry Join Telegram"", ""before"": ""Join Telegram 𝗣𝗛𝗬𝗦𝗜𝗖𝗦 අපි Physics Join Telegram"", ""title"": """"}",1,false,,,,
e5a45ab2454db3f3fd64,alapiedu,https://t.me/AL_api,false,external_control,html_or_opaque,sinhala_present,below_threshold,alapiedu|false|external_control|html_or_opaque|sinhala_present|below_threshold,7,7,Sponsored 👆 Click & Join Our Telegram Channel උසස් පෙළ කරන ඔබට අවශ්‍ය සියලුම දෑ ලබාගැනීමට පහත button එක click කර අපගේ Telegram නාලිකාවට එකතුවන්න ❤️ Click Here,3,,12-13,other,https://www.alapiedu.com/,"[""explicit_grade_or_level:12-13 +3""]","{""after"": ""Ad space available now! Browse By All your A/L Science subjects in one place — organized, reliable resources for every learner. Combined Maths Tap to explore"", ""anchor"": ""Sponsored 👆 Click & Join Our Telegram Channel උසස් පෙළ කරන ඔබට අවශ්‍ය සියලුම දෑ ලබාගැනීමට පහත button එක click කර අපගේ Telegram නාලිකාවට එකතුවන්න ❤️ Click Here"", ""before"": ""PAPERS Access and download A/L past papers by subject and year in PDF format. NOTES Well-organized A/L notes for easy and effective studying. MARKINGS Marking schemes to understand answers and scoring methods."", ""title"": """"}",10,false,,,,
0387c5d544cdd0b055b2,alapiedu,https://www.alapiedu.com/NoteSearch.php?subject=Chemistry,false,in_domain,html_or_opaque,no_sinhala_signal,below_threshold,alapiedu|false|in_domain|html_or_opaque|no_sinhala_signal|below_threshold,25,12,Notes,-1,,,lesson,https://www.alapiedu.com/,"[""educational_keyword:notes +2"", ""category_or_listing_page -3""]","{""after"": ""ICT Tap to explore"", ""anchor"": ""Notes"", ""before"": ""Marking Notes Chemistry Tap to explore Paper Marking"", ""title"": """"}",2,false,,,,
04722b870023bdae1501,alapiedu,https://www.alapiedu.com/Contact,false,in_domain,html_or_opaque,no_sinhala_signal,below_threshold,alapiedu|false|in_domain|html_or_opaque|no_sinhala_signal|below_threshold,25,12,Contact,-4,,,other,https://www.alapiedu.com/,"[""navigation_page -4""]","{""after"": ""alapiedu.com Your Success Starts Today Access Papers, Marking Schemes & Notes for A/L Science Subjects, General English & General Knowledge."", ""anchor"": ""Contact"", ""before"": ""Home Paper Hub Note Hub Marking Hub Teacher Guides About"", ""title"": """"}",13,false,,,,
08d4eff68dd8d4a34fcb,alapiedu,https://www.alapiedu.com/NoteSearch.php?subject=Ict,false,in_domain,html_or_opaque,no_sinhala_signal,below_threshold,alapiedu|false|in_domain|html_or_opaque|no_sinhala_signal|below_threshold,25,12,Notes,-1,,,lesson,https://www.alapiedu.com/,"[""educational_keyword:notes +2"", ""category_or_listing_page -3""]","{""after"": ""Agriculture Tap to explore"", ""anchor"": ""Notes"", ""before"": ""Marking Notes ICT Tap to explore Paper Marking"", ""title"": """"}",2,false,,,,
0e3fbb1f493f6dfef161,alapiedu,https://www.alapiedu.com/,false,in_domain,html_or_opaque,no_sinhala_signal,below_threshold,alapiedu|false|in_domain|html_or_opaque|no_sinhala_signal|below_threshold,25,12,ALapi - Sri Lankan A/L Resources,0,,12-13,other,https://www.alapiedu.com/,"[""explicit_grade_or_level:12-13 +3"", ""category_or_listing_page -3""]","{""after"": """", ""anchor"": ""ALapi - Sri Lankan A/L Resources"", ""before"": """", ""title"": """"}",5,false,,,,
1254d247cdbc403ae614,alapiedu,https://www.alapiedu.com/NoteSearch.php?subject=physics,false,in_domain,html_or_opaque,no_sinhala_signal,below_threshold,alapiedu|false|in_domain|html_or_opaque|no_sinhala_signal|below_threshold,25,12,Notes,-1,,,lesson,https://www.alapiedu.com/,"[""educational_keyword:notes +2"", ""category_or_listing_page -3""]","{""after"": ""Chemistry Tap to explore"", ""anchor"": ""Notes"", ""before"": ""Marking Notes Physics Tap to explore Paper Marking"", ""title"": """"}",2,false,,,,
7b694d6f43d92de344ff,alapiedu,https://www.alapiedu.com/Category/paper_hub/PaperSubject?subject=Physics,false,in_domain,html_or_opaque,no_sinhala_signal,below_threshold,alapiedu|false|in_domain|html_or_opaque|no_sinhala_signal|below_threshold,25,12,Paper,-1,,,other,https://www.alapiedu.com/,"[""educational_keyword:paper +2"", ""category_or_listing_page -3""]","{""after"": """", ""anchor"": ""Paper"", ""before"": ""Tap to explore Paper Marking Notes Physics Tap to explore"", ""title"": """"}",2,false,,,,
99434d1ea8fa1e0e9666,alapiedu,https://www.alapiedu.com/home,false,in_domain,html_or_opaque,no_sinhala_signal,below_threshold,alapiedu|false|in_domain|html_or_opaque|no_sinhala_signal|below_threshold,25,12,Home,-4,,,other,https://www.alapiedu.com/,"[""navigation_page -4""]","{""after"": """", ""anchor"": ""Home"", ""before"": ""ALapi - Sri Lankan A/L Resources"", ""title"": """"}",21,false,,,,
abd61a351e7c7ec2389b,alapiedu,https://www.alapiedu.com/privacy-policy,false,in_domain,html_or_opaque,no_sinhala_signal,below_threshold,alapiedu|false|in_domain|html_or_opaque|no_sinhala_signal|below_threshold,25,12,Privacy Policy,-5,,,other,https://www.alapiedu.com/,"[""site_infrastructure -5""]","{""after"": ""Designed & Developed by"", ""anchor"": ""Privacy Policy"", ""before"": ""+94 70 241 9390 ALapiedu@gmail.com For Advertisers If you're interested in advertising, promotions, or collaborations, please feel free to contact us. Telegram Bot © 2026 ALapi. All rights reserved. |"", ""title"": """"}",10,false,,,,
aec283194ba67b5e1119,alapiedu,https://www.alapiedu.com/teacher-guides?subject=Combined,false,in_domain,html_or_opaque,no_sinhala_signal,below_threshold,alapiedu|false|in_domain|html_or_opaque|no_sinhala_signal|below_threshold,25,12,Combined Maths,3,,,teacher_guide,https://www.alapiedu.com/,"[""educational_keyword:teacher guides +2"", ""resource_title +4"", ""category_or_listing_page -3""]","{""after"": """", ""anchor"": ""Combined Maths"", ""before"": ""All A/L Science subjects covered ✓ PDF download available Explore Teacher Guides SUBJECT COLLECTION Available for"", ""title"": """"}",2,false,,,,
bc9e1a4f8ea0e3c8028e,alapiedu,https://www.alapiedu.com/NoteSearch.php?subject=Combined+Mathematics,false,in_domain,html_or_opaque,no_sinhala_signal,below_threshold,alapiedu|false|in_domain|html_or_opaque|no_sinhala_signal|below_threshold,25,12,Notes,-1,,,lesson,https://www.alapiedu.com/,"[""educational_keyword:notes +2"", ""category_or_listing_page -3""]","{""after"": ""Biology Tap to explore"", ""anchor"": ""Notes"", ""before"": ""Browse By All your A/L Science subjects in one place — organized, reliable resources for every learner. Combined Maths Tap to explore Paper Marking"", ""title"": """"}",3,false,,,,
cc6c73640c5cac995bae,alapiedu,https://www.alapiedu.com/Category/paper_hub/PaperSubject?subject=biology,false,in_domain,html_or_opaque,no_sinhala_signal,below_threshold,alapiedu|false|in_domain|html_or_opaque|no_sinhala_signal|below_threshold,25,12,Paper,-1,,,other,https://www.alapiedu.com/,"[""educational_keyword:paper +2"", ""category_or_listing_page -3""]","{""after"": """", ""anchor"": ""Paper"", ""before"": ""Tap to explore Paper Marking Notes Biology Tap to explore"", ""title"": """"}",2,false,,,,
e8737438d55d2ccad92f,alapiedu,https://www.alapiedu.com/Paper,false,in_domain,html_or_opaque,no_sinhala_signal,below_threshold,alapiedu|false|in_domain|html_or_opaque|no_sinhala_signal|below_threshold,25,12,Paper Hub,-1,,,other,https://www.alapiedu.com/,"[""educational_keyword:paper +2"", ""category_or_listing_page -3""]","{""after"": """", ""anchor"": ""Paper Hub"", ""before"": ""ALapi - Sri Lankan A/L Resources Home"", ""title"": """"}",26,false,,,,
35459b6191198f9c877a,alapiedu,https://www.alapiedu.com/teacher-guides?grade=Grade+12,false,in_domain,html_or_opaque,no_sinhala_signal,near_threshold,alapiedu|false|in_domain|html_or_opaque|no_sinhala_signal|near_threshold,5,5,Grade 12,6,,12,teacher_guide,https://www.alapiedu.com/teacher-guides,"[""explicit_grade_or_level:12 +3"", ""educational_keyword:teacher guides +2"", ""resource_title +4"", ""category_or_listing_page -3""]","{""after"": """", ""anchor"": ""Grade 12"", ""before"": ""More ADVERTISEMENT Filter Guides Filter by category Grade All"", ""title"": """"}",1,false,,,,
583b2f792cf78e03d37b,alapiedu,https://www.alapiedu.com/teacher-guides?subject=Biology,false,in_domain,html_or_opaque,no_sinhala_signal,near_threshold,alapiedu|false|in_domain|html_or_opaque|no_sinhala_signal|near_threshold,5,5,Biology,6,Biology,,teacher_guide,https://www.alapiedu.com/,"[""configured_subject:Biology +3"", ""educational_keyword:teacher guides +2"", ""resource_title +4"", ""category_or_listing_page -3""]","{""after"": """", ""anchor"": ""Biology"", ""before"": ""✓ PDF download available Explore Teacher Guides SUBJECT COLLECTION Available for Combined Maths"", ""title"": """"}",3,false,,,,
b5484f51c27e8918dc2b,alapiedu,https://www.alapiedu.com/teacher-guides?subject=Chemistry,false,in_domain,html_or_opaque,no_sinhala_signal,near_threshold,alapiedu|false|in_domain|html_or_opaque|no_sinhala_signal|near_threshold,5,5,Chemistry,6,Chemistry,,teacher_guide,https://www.alapiedu.com/,"[""configured_subject:Chemistry +3"", ""educational_keyword:teacher guides +2"", ""resource_title +4"", ""category_or_listing_page -3""]","{""after"": """", ""anchor"": ""Chemistry"", ""before"": ""Explore Teacher Guides SUBJECT COLLECTION Available for Combined Maths Biology Physics"", ""title"": """"}",3,false,,,,
c54a3324858ec4ac6d62,alapiedu,https://www.alapiedu.com/teacher-guides?grade=Grade+13,false,in_domain,html_or_opaque,no_sinhala_signal,near_threshold,alapiedu|false|in_domain|html_or_opaque|no_sinhala_signal|near_threshold,5,5,Grade 13,6,,13,teacher_guide,https://www.alapiedu.com/teacher-guides,"[""explicit_grade_or_level:13 +3"", ""educational_keyword:teacher guides +2"", ""resource_title +4"", ""category_or_listing_page -3""]","{""after"": ""Subject"", ""anchor"": ""Grade 13"", ""before"": ""ADVERTISEMENT Filter Guides Filter by category Grade All Grade 12"", ""title"": """"}",1,false,,,,
d2d0e805b08db47c4361,alapiedu,https://www.alapiedu.com/teacher-guides?subject=Physics,false,in_domain,html_or_opaque,no_sinhala_signal,near_threshold,alapiedu|false|in_domain|html_or_opaque|no_sinhala_signal|near_threshold,5,5,Physics,6,Physics,,teacher_guide,https://www.alapiedu.com/,"[""configured_subject:Physics +3"", ""educational_keyword:teacher guides +2"", ""resource_title +4"", ""category_or_listing_page -3""]","{""after"": """", ""anchor"": ""Physics"", ""before"": ""PDF download available Explore Teacher Guides SUBJECT COLLECTION Available for Combined Maths Biology"", ""title"": """"}",3,false,,,,
b6eaa43031abd5e1f9f2,alapiedu,https://www.alapiedu.com/teacher-guides?medium=Sinhala,false,in_domain,html_or_opaque,sinhala_present,near_threshold,alapiedu|false|in_domain|html_or_opaque|sinhala_present|near_threshold,1,1,Sinhala,6,Sinhala,,teacher_guide,https://www.alapiedu.com/teacher-guides,"[""configured_subject:Sinhala +3"", ""educational_keyword:teacher guides +2"", ""resource_title +4"", ""category_or_listing_page -3""]","{""after"": ""Available Teacher Guides 8 guides 13 වසර සංයුක්ත ගණිතය ගුරු මාර්ගෝපදේශය | grade 13 combined maths teachers guide Combined Maths Grade 13 Sinhala"", ""anchor"": ""Sinhala"", ""before"": ""Biology Chemistry Combined Maths Physics Medium / Language All"", ""title"": """"}",1,false,,,,
493b03b7ac9038bbffb7,alapiedu,https://www.alapiedu.com/uploads/Pure%20Maths%20Full%20Short%20Note%20New%20Syllabus.pdf,true,in_domain,document_url,no_sinhala_signal,high_score,alapiedu|true|in_domain|document_url|no_sinhala_signal|high_score,7,7,Pure Maths Full Short Note New Syllabus,12,,,syllabus,https://www.alapiedu.com/Note,"[""direct_document_link +5"", ""educational_keyword:syllabus +2"", ""resource_title +4"", ""educational_surrounding_text +1""]","{""after"": """", ""anchor"": ""View"", ""before"": ""Combined Mathematics | 🔢 COMBINED MATHS | Applide Maths Full Short Note New Syllabus Jul 21, 2025 View Download Combined Mathematics | 🔢 COMBINED MATHS | Pure Maths Full Short Note New Syllabus Jul 21, 2025"", ""title"": """"}",4,false,,,,
7d2b26e5decbced10c8a,alapiedu,https://www.alapiedu.com/Category/paper_hub/uploads/1753587205_2020_AL_COMBINED_MATHS_PART_I_NEW_SYLLABUS_SINHALA_MEDIUM_AlevelApi.pdf,true,in_domain,document_url,no_sinhala_signal,high_score,alapiedu|true|in_domain|document_url|no_sinhala_signal|high_score,7,7,1753587205 2020 AL COMBINED MATHS PART I NEW SYLLABUS SINHALA MEDIUM AlevelApi,11,Sinhala,,syllabus,https://www.alapiedu.com/Category/paper_hub/PaperSubject?subject=Combined,"[""direct_document_link +5"", ""configured_subject:Sinhala +3"", ""educational_keyword:syllabus +2"", ""resource_title +4"", ""category_or_listing_page -3""]","{""after"": """", ""anchor"": ""View"", ""before"": ""PDF View Download 📑 2020 AL COMBINED MATHS PURE PAPER 2020 PDF"", ""title"": """"}",2,false,,,,
7f4026965d17164f6403,alapiedu,https://www.alapiedu.com/Category/paper_hub/uploads/1782578129_2026%20MOE%20Combined%20Maths%20Model%20paper%20(%20TM%20).pdf.pdf,true,in_domain,document_url,no_sinhala_signal,high_score,alapiedu|true|in_domain|document_url|no_sinhala_signal|high_score,7,7,1782578129 2026 MOE Combined Maths Model paper ( TM ).pdf,9,,,past_paper,https://www.alapiedu.com/Category/paper_hub/PaperSubject?subject=Combined,"[""direct_document_link +5"", ""educational_keyword:paper +2"", ""resource_title +4"", ""educational_surrounding_text +1"", ""category_or_listing_page -3""]","{""after"": """", ""anchor"": ""View"", ""before"": ""PDF View Download 2026 3rd term test | 2026 MOE model paper | Ministry of Education | 2026 Grade 13 | Combined Maths Paper | TM Full paper Grade PDF"", ""title"": """"}",2,false,,,,
845b2cf9cd0c642955d7,alapiedu,https://www.alapiedu.com/uploads/Applide%20Maths%20Full%20Short%20Note%20New%20Syllabus.pdf,true,in_domain,document_url,no_sinhala_signal,high_score,alapiedu|true|in_domain|document_url|no_sinhala_signal|high_score,7,7,Applide Maths Full Short Note New Syllabus,12,,,syllabus,https://www.alapiedu.com/Note,"[""direct_document_link +5"", ""educational_keyword:syllabus +2"", ""resource_title +4"", ""educational_surrounding_text +1""]","{""after"": """", ""anchor"": ""View"", ""before"": ""Search Available Notes Combined Mathematics 18 notes Combined Mathematics | 🔢 COMBINED MATHS | Applide Maths Full Short Note New Syllabus Jul 21, 2025"", ""title"": """"}",4,false,,,,
8b131d2cb894a329e06a,alapiedu,https://www.alapiedu.com/Category/paper_hub/uploads/1785114300_GCE_Advanced_Level_2025_Combined_Maths_Paper_in_Sinhala_Medium.pdf,true,in_domain,document_url,no_sinhala_signal,high_score,alapiedu|true|in_domain|document_url|no_sinhala_signal|high_score,7,7,1785114300 GCE Advanced Level 2025 Combined Maths Paper in Sinhala Medium,10,Sinhala,12-13,past_paper,https://www.alapiedu.com/Category/paper_hub/PaperSubject?subject=Combined,"[""direct_document_link +5"", ""configured_subject:Sinhala +3"", ""explicit_grade_or_level:12-13 +3"", ""educational_keyword:paper +2"", ""category_or_listing_page -3""]","{""after"": """", ""anchor"": ""View"", ""before"": ""PDF View Download 📑 2025 AL COMBINED MATHS FULL PAPER 2025 PDF"", ""title"": """"}",2,false,,,,
d03ae1a248048eac8b06,alapiedu,https://www.alapiedu.com/Category/paper_hub/uploads/1782577987_2026%20MOE%20Combined%20maths%20%20Model%20paper%20(%20EM%20).pdf.pdf,true,in_domain,document_url,no_sinhala_signal,high_score,alapiedu|true|in_domain|document_url|no_sinhala_signal|high_score,7,7,1782577987 2026 MOE Combined maths  Model paper ( EM ).pdf,9,,,past_paper,https://www.alapiedu.com/Category/paper_hub/PaperSubject?subject=Combined,"[""direct_document_link +5"", ""educational_keyword:paper +2"", ""resource_title +4"", ""educational_surrounding_text +1"", ""category_or_listing_page -3""]","{""after"": """", ""anchor"": ""View"", ""before"": ""PDF View Download 2026 3rd term test | 2026 MOE model paper | Ministry of Education | 2026 Grade 13 | Combined Maths Paper | EM Full paper Grade PDF"", ""title"": """"}",2,false,,,,
f4c64171799f08b93c8d,alapiedu,https://www.alapiedu.com/Category/paper_hub/uploads/1753587287_2020_AL_COMBINED_MATHS_PART_II_NEW_SYLLABUS_SINHALA_MEDIUM_AlevelApi.pdf,true,in_domain,document_url,no_sinhala_signal,high_score,alapiedu|true|in_domain|document_url|no_sinhala_signal|high_score,7,7,1753587287 2020 AL COMBINED MATHS PART II NEW SYLLABUS SINHALA MEDIUM AlevelApi,11,Sinhala,,syllabus,https://www.alapiedu.com/Category/paper_hub/PaperSubject?subject=Combined,"[""direct_document_link +5"", ""configured_subject:Sinhala +3"", ""educational_keyword:syllabus +2"", ""resource_title +4"", ""category_or_listing_page -3""]","{""after"": """", ""anchor"": ""View"", ""before"": ""PDF View Download 📑 2020 AL COMBINED MATHS APPLIED PAPER 2020 PDF"", ""title"": """"}",2,false,,,,
00b635ec9c45e1443abb,alapiedu,https://www.alapiedu.com/Category/paper_hub/uploads/1753588647_2024%20AL%20APPLIED%20PAPER%20-%20B.pdf,true,in_domain,document_url,no_sinhala_signal,near_threshold,alapiedu|true|in_domain|document_url|no_sinhala_signal|near_threshold,76,12,1753588647 2024 AL APPLIED PAPER   B,4,,,past_paper,https://www.alapiedu.com/Category/paper_hub/PaperSubject?subject=Combined,"[""direct_document_link +5"", ""educational_keyword:paper +2"", ""category_or_listing_page -3""]","{""after"": """", ""anchor"": ""View"", ""before"": ""PDF View Download 📑 2024 AL COMBINED MATHS APPLIED PART B PAPER 2024 PDF"", ""title"": """"}",2,false,,,,
1a9730d50e1f3dece36b,alapiedu,https://www.alapiedu.com/Category/paper_hub/uploads/1753585817_1993AL%20Applied.pdf,true,in_domain,document_url,no_sinhala_signal,near_threshold,alapiedu|true|in_domain|document_url|no_sinhala_signal|near_threshold,76,12,1753585817 1993AL Applied,4,,,other,https://www.alapiedu.com/Category/paper_hub/PaperSubject?subject=Combined,"[""direct_document_link +5"", ""educational_keyword:paper +2"", ""category_or_listing_page -3""]","{""after"": """", ""anchor"": ""View"", ""before"": ""PDF View Download 📑 1993 AL COMBINED MATHS APPLIED PAPER 1993 PDF"", ""title"": """"}",2,false,,,,
1af1ea1ef3ab0f43aab2,alapiedu,https://www.alapiedu.com/uploads/HTML.pdf,true,in_domain,document_url,no_sinhala_signal,near_threshold,alapiedu|true|in_domain|document_url|no_sinhala_signal|near_threshold,76,12,HTML,5,,,other,https://www.alapiedu.com/Note,"[""direct_document_link +5""]","{""after"": """", ""anchor"": ""View"", ""before"": ""ICT | 💻 ICT Notes | php note Jul 21, 2025 View Download ICT | 💻 ICT Notes | HTML Jul 21, 2025"", ""title"": """"}",2,false,,,,
2761a2d4e6337c5cd362,alapiedu,https://www.alapiedu.com/uploads/RAPID%20WB%20UNIT%201.pdf,true,in_domain,document_url,no_sinhala_signal,near_threshold,alapiedu|true|in_domain|document_url|no_sinhala_signal|near_threshold,76,12,RAPID WB UNIT 1,5,,,other,https://www.alapiedu.com/Note,"[""direct_document_link +5""]","{""after"": """", ""anchor"": ""View"", ""before"": ""Biology | 🍀 BIOLOGY | RAPID REVISION TUTES | UNIT 2 PART 1| HESHAN RANDIWELA Oct 12, 2025 View Download Biology | 🍀 BIOLOGY | RAPID REVISION TUTES | UNIT 1 | HESHAN RANDIWELA Oct 12, 2025"", ""title"": """"}",2,false,,,,
2c65d92bf550e8a8ba3c,alapiedu,https://www.alapiedu.com/Category/paper_hub/uploads/1753585232_applied%20maths%201997%201.pdf,true,in_domain,document_url,no_sinhala_signal,near_threshold,alapiedu|true|in_domain|document_url|no_sinhala_signal|near_threshold,76,12,1753585232 applied maths 1997 1,4,,,past_paper,https://www.alapiedu.com/Category/paper_hub/PaperSubject?subject=Combined,"[""direct_document_link +5"", ""educational_keyword:paper +2"", ""category_or_listing_page -3""]","{""after"": """", ""anchor"": ""View"", ""before"": ""PDF View Download 📑 1997 AL COMBINED MATHS APPLIED PAPER 1997 PDF"", ""title"": """"}",2,false,,,,
680ab35fc2549abc2a37,alapiedu,https://www.alapiedu.com/Category/paper_hub/uploads/1755515490_Thurstan_College_2020_3rd_term_Combined_Maths_Applied_paper.pdf,true,in_domain,document_url,no_sinhala_signal,near_threshold,alapiedu|true|in_domain|document_url|no_sinhala_signal|near_threshold,76,12,1755515490 Thurstan College 2020 3rd term Combined Maths Applied paper,4,,,past_paper,https://www.alapiedu.com/Category/paper_hub/PaperSubject?subject=Combined,"[""direct_document_link +5"", ""educational_keyword:paper +2"", ""category_or_listing_page -3""]","{""after"": """", ""anchor"": ""View"", ""before"": ""PDF View Download 🏫Thurstan Collage Colombo | 2020 Grade 13 Final Term Test English Medium | COMBINED MATHS APPLIED PAPER Grade 13 PDF"", ""title"": """"}",2,false,,,,
769fd2d903500b5e6575,alapiedu,https://www.alapiedu.com/Category/paper_hub/uploads/1753586783_2015AL%20Combined%20Maths.pdf,true,in_domain,document_url,no_sinhala_signal,near_threshold,alapiedu|true|in_domain|document_url|no_sinhala_signal|near_threshold,76,12,1753586783 2015AL Combined Maths,5,,,other,https://www.alapiedu.com/Category/paper_hub/PaperSubject?subject=Combined,"[""direct_document_link +5"", ""educational_keyword:paper +2"", ""educational_surrounding_text +1"", ""category_or_listing_page -3""]","{""after"": """", ""anchor"": ""View"", ""before"": ""PDF View Download 📑 2015 AL COMBINED MATHS PAST PAPER 2015 PDF"", ""title"": """"}",2,false,,,,
77d7ea0440e12505ea36,alapiedu,https://www.alapiedu.com/Category/paper_hub/uploads/1755496743_Converted_u7_icmq3.pdf,true,in_domain,document_url,no_sinhala_signal,near_threshold,alapiedu|true|in_domain|document_url|no_sinhala_signal|near_threshold,76,12,1755496743 Converted u7 icmq3,4,,,other,https://www.alapiedu.com/Category/paper_hub/PaperSubject?subject=Combined,"[""direct_document_link +5"", ""educational_keyword:paper +2"", ""category_or_listing_page -3""]","{""after"": """", ""anchor"": ""View"", ""before"": ""PDF View Download 🏫Vishaka Vidyalaya Colombo | 2024 Grade 13 Final Term Test English Medium | COMBINED MATHS PURE PAPER Grade 13 PDF"", ""title"": """"}",2,false,,,,
82fa31e36ea1f2de1e51,alapiedu,https://www.alapiedu.com/Category/paper_hub/uploads/1755498306_educaton%20mnstry%202022%20Combined%20Math%20I%20EM%20paper%20.pdf,true,in_domain,document_url,no_sinhala_signal,near_threshold,alapiedu|true|in_domain|document_url|no_sinhala_signal|near_threshold,76,12,1755498306 educaton mnstry 2022 Combined Math I EM paper,5,,,past_paper,https://www.alapiedu.com/Category/paper_hub/PaperSubject?subject=Combined,"[""direct_document_link +5"", ""educational_keyword:paper +2"", ""educational_surrounding_text +1"", ""category_or_listing_page -3""]","{""after"": """", ""anchor"": ""View"", ""before"": ""PDF View Download Ministry of Education | 2022 Model Paper English Medium | COMBINED MATHS Grade 13 PDF"", ""title"": """"}",2,false,,,,
a79a2c0b8998799b78cc,alapiedu,https://www.alapiedu.com/Category/paper_hub/uploads/1753586199_com%20maths%202006%201.pdf,true,in_domain,document_url,no_sinhala_signal,near_threshold,alapiedu|true|in_domain|document_url|no_sinhala_signal|near_threshold,76,12,1753586199 com maths 2006 1,5,,,past_paper,https://www.alapiedu.com/Category/paper_hub/PaperSubject?subject=Combined,"[""direct_document_link +5"", ""educational_keyword:paper +2"", ""educational_surrounding_text +1"", ""category_or_listing_page -3""]","{""after"": """", ""anchor"": ""View"", ""before"": ""PDF View Download 📑 2006 AL COMBINED MATHS PAST PAPER 2006 PDF"", ""title"": """"}",2,false,,,,
c781d252bbe2e3cbd66f,alapiedu,https://www.alapiedu.com/Category/paper_hub/uploads/1753586874_2019AL%20Combined%20Maths.pdf,true,in_domain,document_url,no_sinhala_signal,near_threshold,alapiedu|true|in_domain|document_url|no_sinhala_signal|near_threshold,76,12,1753586874 2019AL Combined Maths,5,,,other,https://www.alapiedu.com/Category/paper_hub/PaperSubject?subject=Combined,"[""direct_document_link +5"", ""educational_keyword:paper +2"", ""educational_surrounding_text +1"", ""category_or_listing_page -3""]","{""after"": """", ""anchor"": ""View"", ""before"": ""PDF View Download 📑 2019 AL COMBINED MATHS PAST PAPER 2019 PDF"", ""title"": """"}",2,false,,,,
d4ece48b13f61e0ef27f,alapiedu,https://www.alapiedu.com/Category/paper_hub/uploads/1753585685_1991AL%20Pure.pdf,true,in_domain,document_url,no_sinhala_signal,near_threshold,alapiedu|true|in_domain|document_url|no_sinhala_signal|near_threshold,76,12,1753585685 1991AL Pure,4,,,other,https://www.alapiedu.com/Category/paper_hub/PaperSubject?subject=Combined,"[""direct_document_link +5"", ""educational_keyword:paper +2"", ""category_or_listing_page -3""]","{""after"": """", ""anchor"": ""View"", ""before"": ""PDF View Download 📑 1991 AL COMBINED MATHS PURE PAPER 1991 PDF"", ""title"": """"}",2,false,,,,
0f3fece6ce936d541098,alapiedu,https://www.alapiedu.com/Category/guide_hub/uploads/1786557881_grade-13-biology-teacher-guide-619dd2ec42815.pdf,true,in_domain,document_url,sinhala_present,high_score,alapiedu|true|in_domain|document_url|sinhala_present|high_score,52,12,1786557881 grade 13 biology teacher guide 619dd2ec42815,14,Biology,13,teacher_guide,https://www.alapiedu.com/teacher-guides,"[""direct_document_link +5"", ""configured_subject:Biology +3"", ""explicit_grade_or_level:13 +3"", ""educational_keyword:teacher guide +2"", ""resource_title +4"", ""category_or_listing_page -3""]","{""after"": """", ""anchor"": ""View"", ""before"": ""View Download 13 වසර ජීව විද්‍යාව ගුරු මාර්ගෝපදේශය | grade 13 biology teachers guide Biology Grade 13 Sinhala"", ""title"": """"}",2,false,,,,
169d3c535d7b5b987edd,alapiedu,https://www.alapiedu.com/Category/paper_hub/uploads/1759640664_Grade%2012%20Com.%20Maths%20Eng.%2015-07-2023.pdf,true,in_domain,document_url,sinhala_present,high_score,alapiedu|true|in_domain|document_url|sinhala_present|high_score,52,12,1759640664 Grade 12 Com. Maths Eng. 15 07 2023,7,,12,past_paper,https://www.alapiedu.com/Category/paper_hub/PaperSubject?subject=Combined,"[""direct_document_link +5"", ""explicit_grade_or_level:12 +3"", ""educational_keyword:paper +2"", ""category_or_listing_page -3""]","{""after"": """", ""anchor"": ""View"", ""before"": ""PDF View Download 🏫 ST PETER'S COLLAGE | 2023 12 ශ්‍රේණිය දෙවන වාර පරීක්ෂණය ENGLISH MEDIUM | සංයුක්ත ගණිතය Paper Grade 12 PDF"", ""title"": """"}",2,false,,,,
16f9b1fb72ec63f8decf,alapiedu,https://www.alapiedu.com/uploads/Concept%20Of%20ICT%20full%20Notes%20.pdf,true,in_domain,document_url,sinhala_present,high_score,alapiedu|true|in_domain|document_url|sinhala_present|high_score,52,12,Concept Of ICT full Notes,7,,,lesson,https://www.alapiedu.com/Note,"[""direct_document_link +5"", ""educational_keyword:notes +2""]","{""after"": """", ""anchor"": ""View"", ""before"": ""ICT | 💻 ICT NOTES | පරිගණක පරිණාමය හා නූතන පරිගණක Jul 20, 2025 View Download ICT | 💻 ICT NOTES | තොරතුරු හා සන්නිවේදන තාක්ෂණයේ මූලික සංකල්ප Jul 20, 2025"", ""title"": """"}",2,false,,,,
1c6b280bc8c133d50947,alapiedu,https://www.alapiedu.com/Category/paper_hub/uploads/1759683515_2025%20combined%20maths%20II%20(applied)%20SINHALA.pdf,true,in_domain,document_url,sinhala_present,high_score,alapiedu|true|in_domain|document_url|sinhala_present|high_score,52,12,1759683515 2025 combined maths II (applied) SINHALA,7,Sinhala,,past_paper,https://www.alapiedu.com/Category/paper_hub/PaperSubject?subject=Combined,"[""direct_document_link +5"", ""configured_subject:Sinhala +3"", ""educational_keyword:paper +2"", ""category_or_listing_page -3""]","{""after"": """", ""anchor"": ""View"", ""before"": ""PDF View Download 🏫 ST JOSHEP COLLEGE | 2025 13 ශ්‍රේණිය තෙවන වාර පරීක්ෂණය | සංයුක්ත ගණිතය APPLIED Paper Grade 13 PDF"", ""title"": """"}",2,false,,,,
1def7008b63eebfa7a29,alapiedu,https://www.alapiedu.com/Category/paper_hub/uploads/1756570277_2024%20AC%20Grade%2012%202nd%20Term%20-%20C.Maths.pdf,true,in_domain,document_url,sinhala_present,high_score,alapiedu|true|in_domain|document_url|sinhala_present|high_score,52,12,1756570277 2024 AC Grade 12 2nd Term   C.Maths,7,,12,past_paper,https://www.alapiedu.com/Category/paper_hub/PaperSubject?subject=Combined,"[""direct_document_link +5"", ""explicit_grade_or_level:12 +3"", ""educational_keyword:paper +2"", ""category_or_listing_page -3""]","{""after"": """", ""anchor"": ""View"", ""before"": ""PDF View Download 🏫 කොළඹ ආනන්ද විද්‍යාලය | 2024 12 ශ්‍රේණිය දෙවන වාර පරීක්ෂණය | සංයුක්ත ගණිතය PAPER Grade 12 PDF"", ""title"": """"}",2,false,,,,
1f2e88270317ce0bd47a,alapiedu,https://www.alapiedu.com/Category/guide_hub/uploads/1785085506_grade-12-chemistry-teacher-guide-619c994d00d71.pdf,true,in_domain,document_url,sinhala_present,high_score,alapiedu|true|in_domain|document_url|sinhala_present|high_score,52,12,1785085506 grade 12 chemistry teacher guide 619c994d00d71,14,Chemistry,12,teacher_guide,https://www.alapiedu.com/teacher-guides,"[""direct_document_link +5"", ""configured_subject:Chemistry +3"", ""explicit_grade_or_level:12 +3"", ""educational_keyword:teacher guide +2"", ""resource_title +4"", ""category_or_listing_page -3""]","{""after"": """", ""anchor"": ""View"", ""before"": ""View Download 12-13 වසර රසායන විද්‍යාව ගුරු මාර්ගෝපදේශය | grade 12-13 chemistry teachers guide Chemistry Grade 13 Sinhala"", ""title"": """"}",2,false,,,,
38ebfe59a5d68db6229e,alapiedu,https://www.alapiedu.com/Category/paper_hub/uploads/1759640586_Grade%2012%20Com.%20Maths%20Eng.%206.12.2023.pdf,true,in_domain,document_url,sinhala_present,high_score,alapiedu|true|in_domain|document_url|sinhala_present|high_score,52,12,1759640586 Grade 12 Com. Maths Eng. 6.12.2023,7,,12,past_paper,https://www.alapiedu.com/Category/paper_hub/PaperSubject?subject=Combined,"[""direct_document_link +5"", ""explicit_grade_or_level:12 +3"", ""educational_keyword:paper +2"", ""category_or_listing_page -3""]","{""after"": """", ""anchor"": ""View"", ""before"": ""PDF View Download 🏫 ST PETER'S COLLAGE | 2023 12 ශ්‍රේණිය තෙවන වාර පරීක්ෂණය ENGLISH MEDIUM | සංයුක්ත ගණිතය Paper Grade 12 PDF"", ""title"": """"}",2,false,,,,
4dc4505d674decb06aca,alapiedu,https://www.alapiedu.com/Category/guide_hub/uploads/1786557615_grade-12-biology-teacher-guide-619c95d8bc67e.pdf,true,in_domain,document_url,sinhala_present,high_score,alapiedu|true|in_domain|document_url|sinhala_present|high_score,52,12,1786557615 grade 12 biology teacher guide 619c95d8bc67e,14,Biology,12,teacher_guide,https://www.alapiedu.com/teacher-guides,"[""direct_document_link +5"", ""configured_subject:Biology +3"", ""explicit_grade_or_level:12 +3"", ""educational_keyword:teacher guide +2"", ""resource_title +4"", ""category_or_listing_page -3""]","{""after"": """", ""anchor"": ""View"", ""before"": ""View Download 12 වසර ජීව විද්‍යාව ගුරු මාර්ගෝපදේශය | grade 12 biology teachers guide Biology Grade 12 Sinhala"", ""title"": """"}",2,false,,,,
53a5f62bda5c1c5c0623,alapiedu,https://www.alapiedu.com/uploads/Electro%20Chemistry%20%7C%20%E0%B7%80%E0%B7%92%E0%B6%AF%E0%B7%8A%E2%80%8D%E0%B6%BA%E0%B7%94%E0%B6%AD%E0%B7%8A%20%E0%B6%BB%E0%B7%83%E0%B7%8F%E0%B6%BA%E0%B6%B1%E0%B6%BA%20part%202%20.pdf,true,in_domain,document_url,sinhala_present,high_score,alapiedu|true|in_domain|document_url|sinhala_present|high_score,52,12,Electro Chemistry | විද්‍යුත් රසායනය part 2,8,Chemistry,,other,https://www.alapiedu.com/Note,"[""direct_document_link +5"", ""configured_subject:Chemistry +3""]","{""after"": """", ""anchor"": ""View"", ""before"": ""Chemistry | 🧪Chemistry Notes | Environmental Chemistry | පරිසර රසායනය part 1 Jul 19, 2025 View Download Chemistry | 🧪Chemistry Notes | Electro Chemistry | විද්‍යුත් රසායනය part 2 Jul 19, 2025"", ""title"": """"}",2,false,,,,
ae915557549f798aafb4,alapiedu,https://www.alapiedu.com/uploads/Applied%20biology_241118_055211.pdf,true,in_domain,document_url,sinhala_present,high_score,alapiedu|true|in_domain|document_url|sinhala_present|high_score,52,12,Applied biology 241118 055211,8,Biology,,other,https://www.alapiedu.com/Note,"[""direct_document_link +5"", ""configured_subject:Biology +3""]","{""after"": """", ""anchor"": ""View"", ""before"": ""Biology | ☘️ BIOLOGY |අණුක ජීව විද්‍යාව හා DNA | YASITH ARIYAWANSHA Aug 03, 2025 View Download Biology | ☘️ BIOLOGY | SHORT NOTES | ව්‍යවහාරික ජීව විද්‍යාව | Sashanka Sir Jul 25, 2025"", ""title"": """"}",2,false,,,,
c450ef7da8392263d128,alapiedu,https://www.alapiedu.com/Category/guide_hub/uploads/1786558018_grade-12-combined-mathematics-teacher-guide-619ca9f1bddd2.pdf,true,in_domain,document_url,sinhala_present,high_score,alapiedu|true|in_domain|document_url|sinhala_present|high_score,52,12,1786558018 grade 12 combined mathematics teacher guide 619ca9f1bddd2,11,,12,teacher_guide,https://www.alapiedu.com/teacher-guides,"[""direct_document_link +5"", ""explicit_grade_or_level:12 +3"", ""educational_keyword:teacher guide +2"", ""resource_title +4"", ""category_or_listing_page -3""]","{""after"": """", ""anchor"": ""View"", ""before"": ""View Download 12 වසර සංයුක්ත ගණිතය ගුරු මාර්ගෝපදේශය | grade 12 combined maths teachers guide Combined Maths Grade 12 Sinhala"", ""title"": """"}",2,false,,,,
fdd27542d8457918cca1,alapiedu,https://www.alapiedu.com/Category/paper_hub/uploads/1782577868_2026%20MOE%20Combined%20maths%20%20Model%20paper%20(%20SM%20).pdf.pdf,true,in_domain,document_url,sinhala_present,high_score,alapiedu|true|in_domain|document_url|sinhala_present|high_score,52,12,1782577868 2026 MOE Combined maths  Model paper ( SM ).pdf,9,,,past_paper,https://www.alapiedu.com/Category/paper_hub/PaperSubject?subject=Combined,"[""direct_document_link +5"", ""educational_keyword:paper +2"", ""resource_title +4"", ""educational_surrounding_text +1"", ""category_or_listing_page -3""]","{""after"": """", ""anchor"": ""View"", ""before"": ""PDF View Download 2026 3rd term test | 2026 MOE model paper | අධ්‍යාපන අමාත්‍යංශය | 2026 13 ශ්‍රේණිය | සංයුක්ත ගණිතය පෙරහුරු ප්‍රශ්න පත්‍රය | SM Full paper Grade PDF"", ""title"": """"}",2,false,,,,
178f2ec2efa03bd10e1b,alapiedu,https://www.alapiedu.com/Category/paper_hub/uploads/1759498852_CM%20RC%20G13%203rd%20TT%202025%20(1).pdf,true,in_domain,document_url,sinhala_present,near_threshold,alapiedu|true|in_domain|document_url|sinhala_present|near_threshold,346,12,1759498852 CM RC G13 3rd TT 2025 (1),4,,,past_paper,https://www.alapiedu.com/Category/paper_hub/PaperSubject?subject=Combined,"[""direct_document_link +5"", ""educational_keyword:paper +2"", ""category_or_listing_page -3""]","{""after"": """", ""anchor"": ""View"", ""before"": ""PDF View Download 🏫 කොළඹ රාජකීය විද්‍යාලය | 2025 13 ශ්‍රේණිය තෙවන වාර පරීක්ෂණය | සංයුක්ත ගණිතය B papers Grade 13 PDF"", ""title"": """"}",2,false,,,,
17b7627ac8fcc5a17c11,alapiedu,https://www.alapiedu.com/Category/paper_hub/uploads/1755284061_%E0%B7%83%E0%B6%BB%E0%B6%BD%20%E0%B6%85%E0%B6%B1%E0%B7%94%E0%B7%80%E0%B6%BB%E0%B7%8A%E0%B6%AD%E0%B7%93%E0%B6%BA%20%E0%B6%A0%E0%B6%BD%E0%B7%92%E0%B6%AD%E0%B6%BA%20.pdf,true,in_domain,document_url,sinhala_present,near_threshold,alapiedu|true|in_domain|document_url|sinhala_present|near_threshold,346,12,1755284061 සරල අනුවර්තීය චලිතය,4,,,other,https://www.alapiedu.com/Category/paper_hub/PaperSubject?subject=Combined,"[""direct_document_link +5"", ""educational_keyword:paper +2"", ""category_or_listing_page -3""]","{""after"": """", ""anchor"": ""View"", ""before"": ""📚 පේසුරු | සංයුක්ත ගණිතය | සංකීර්ණ සංඛ්‍යා | 1975 සිට 2015 දක්වා PDF View Download 📚 පේසුරු | සංයුක්ත ගණිතය | සරල අනුවර්තීය චලිතය | 1975 සිට 2015 දක්වා PDF"", ""title"": """"}",2,false,,,,
4ae17cd5b1706a61b824,alapiedu,https://www.alapiedu.com/Category/paper_hub/uploads/1754244971_P1.pdf,true,in_domain,document_url,sinhala_present,near_threshold,alapiedu|true|in_domain|document_url|sinhala_present|near_threshold,346,12,1754244971 P1,4,,,other,https://www.alapiedu.com/Category/paper_hub/PaperSubject?subject=Combined,"[""direct_document_link +5"", ""educational_keyword:paper +2"", ""category_or_listing_page -3""]","{""after"": """", ""anchor"": ""View"", ""before"": ""PDF View Download 🏫බණ්ඩාරවෙල ධර්මපාල විද්‍යාලය | 2021 13 ශ්‍රේණිය තෙවන වාර පරීක්ෂණය | සංයුක්ත ගණිතය PART 1 Grade 13 PDF"", ""title"": """"}",2,false,,,,
52aadf3f191726a41d50,alapiedu,https://www.alapiedu.com/uploads/%E0%B6%AD%E0%B7%8F%E0%B6%B4%E0%B6%B8%E0%B7%92%E0%B6%AD%E0%B7%92%E0%B6%BA.pdf,true,in_domain,document_url,sinhala_present,near_threshold,alapiedu|true|in_domain|document_url|sinhala_present|near_threshold,346,12,තාපමිතිය,5,,,other,https://www.alapiedu.com/Note,"[""direct_document_link +5""]","{""after"": """", ""anchor"": ""View"", ""before"": ""Physics | ⏳PHYSICS Notes | තාපය | තාපගති විද්‍යාව | Anuradha Perera Jul 24, 2025 View Download Physics | ⏳PHYSICS Notes | තාපය | තාපමිතිය | Anuradha Perera Jul 24, 2025"", ""title"": """"}",2,false,,,,
6927b790caa72851614b,alapiedu,https://www.alapiedu.com/uploads/Inorganic%20S%20Block%20%7C%20S%20%E0%B6%9C%E0%B7%9C%E0%B6%B1%E0%B7%94%E0%B7%80%20.pdf,true,in_domain,document_url,sinhala_present,near_threshold,alapiedu|true|in_domain|document_url|sinhala_present|near_threshold,346,12,Inorganic S Block | S ගොනුව,5,,,other,https://www.alapiedu.com/Note,"[""direct_document_link +5""]","{""after"": """", ""anchor"": ""View"", ""before"": ""Chemistry | 🧪Chemistry Notes | Inorganic P Block | P ගොනුව Jul 19, 2025 View Download Chemistry | 🧪Chemistry Notes | Inorganic S Block | S ගොනුව Jul 19, 2025"", ""title"": """"}",2,false,,,,
6a46a3ddad276b872bc9,alapiedu,https://www.alapiedu.com/uploads/%E0%B6%A2%E0%B6%BD%20%E0%B7%83%E0%B6%B8%E0%B7%8A%E0%B6%B4%E0%B7%8F%E0%B6%AF%E0%B6%B1%E0%B6%BA%20.pdf,true,in_domain,document_url,sinhala_present,near_threshold,alapiedu|true|in_domain|document_url|sinhala_present|near_threshold,346,12,ජල සම්පාදනය,5,,,other,https://www.alapiedu.com/Note,"[""direct_document_link +5""]","{""after"": """", ""anchor"": ""View"", ""before"": ""Agricultural Science | 🌴AGRI Notes | බෝග ස්ථාපනය Jul 19, 2025 View Download Agricultural Science | 🌴AGRI Notes | ජල සම්පාදනය Jul 19, 2025"", ""title"": """"}",2,false,,,,
89e9e13dceaa51f6a0b3,alapiedu,https://www.alapiedu.com/Category/paper_hub/uploads/1755283013_%E0%B7%80%E0%B6%BB%E0%B7%8A%E0%B6%9C%E0%B6%A2%20%E0%B7%83%E0%B6%B8%E0%B7%93%E0%B6%9A%E0%B6%BB%E0%B6%AB%20.pdf,true,in_domain,document_url,sinhala_present,near_threshold,alapiedu|true|in_domain|document_url|sinhala_present|near_threshold,346,12,1755283013 වර්ගජ සමීකරණ,4,,,other,https://www.alapiedu.com/Category/paper_hub/PaperSubject?subject=Combined,"[""direct_document_link +5"", ""educational_keyword:paper +2"", ""category_or_listing_page -3""]","{""after"": """", ""anchor"": ""View"", ""before"": ""📚 පේසුරු | සංයුක්ත ගණිතය | අසමානතා හා මාපාංක ශ්‍රිත | 1975 සිට 2015 දක්වා PDF View Download 📚 පේසුරු | සංයුක්ත ගණිතය | වර්ගජ සමීකරණ | 1975 සිට 2015 දක්වා PDF"", ""title"": """"}",2,false,,,,
975b6c52f5d9cdb95acb,alapiedu,https://www.alapiedu.com/uploads/PHY6%2003%20SHORT%20NOTE.pdf,true,in_domain,document_url,sinhala_present,near_threshold,alapiedu|true|in_domain|document_url|sinhala_present|near_threshold,346,12,PHY6 03 SHORT NOTE,5,,,other,https://www.alapiedu.com/Note,"[""direct_document_link +5""]","{""after"": """", ""anchor"": ""View"", ""before"": ""Physics | ⏳ PHYSICS | LEO Short Notes |තාප භෞතිකය Aug 09, 2025 View Download Physics | ⏳ PHYSICS | LEO Short Notes |දෝලන හා තරංග Aug 09, 2025"", ""title"": """"}",2,false,,,,
9920c2e823094cd619d7,alapiedu,https://www.alapiedu.com/uploads/logic%20gates.pdf,true,in_domain,document_url,sinhala_present,near_threshold,alapiedu|true|in_domain|document_url|sinhala_present|near_threshold,346,12,logic gates,5,,,other,https://www.alapiedu.com/Note,"[""direct_document_link +5""]","{""after"": """", ""anchor"": ""View"", ""before"": ""Physics | ⏳ PHYSICS Notes | ස්ථිති විද්‍යුත් ක්ශේත්‍ර | Anuradha Perera Jul 24, 2025 View Download Physics | ⏳ PHYSICS Notes | ඉලෙක්ට්‍රොනික විද්‍යාව | තාර්කික ද්වාර (LOGIC GATES) | Anuradha Perera Jul 24, 2025"", ""title"": """"}",2,false,,,,
a4c71a3390867da4843d,alapiedu,https://www.alapiedu.com/uploads/Periodic%20table%20%E0%B6%86%E0%B7%80%E0%B6%BB%E0%B7%8A%E0%B6%AD%E0%B7%92%E0%B6%AD%E0%B7%8F%E0%B7%80.pdf,true,in_domain,document_url,sinhala_present,near_threshold,alapiedu|true|in_domain|document_url|sinhala_present|near_threshold,346,12,Periodic table ආවර්තිතාව,5,,,other,https://www.alapiedu.com/Note,"[""direct_document_link +5""]","{""after"": """", ""anchor"": ""View"", ""before"": ""Chemistry | 🧪Chemistry Notes | Redox | ඔක්සිකරණය - ඔක්සිහරණය Jul 19, 2025 View Download Chemistry | 🧪Chemistry Notes | ආවර්තිතාව | Periodic table Jul 19, 2025"", ""title"": """"}",2,false,,,,
a76a04e2c400c959f72a,alapiedu,https://www.alapiedu.com/Category/paper_hub/uploads/1784639265_2026%20UVA%20COMBINED%20MATHS%20FULL%20PAPER%20@AL_api.pdf,true,in_domain,document_url,sinhala_present,near_threshold,alapiedu|true|in_domain|document_url|sinhala_present|near_threshold,346,12,1784639265 2026 UVA COMBINED MATHS FULL PAPER @AL api,4,,,past_paper,https://www.alapiedu.com/Category/paper_hub/PaperSubject?subject=Combined,"[""direct_document_link +5"", ""educational_keyword:paper +2"", ""category_or_listing_page -3""]","{""after"": """", ""anchor"": ""View"", ""before"": ""PDF View Download 2026 3rd term test | ඌව පළාත් | 2026 13 ශ්‍රේණිය | සංයක්ත ගණිතය තෙවන වාර පරීක්ෂණය FULL PAPER | 2026 uva Grade 13 PDF"", ""title"": """"}",2,false,,,,
cd53999b812b6c36b5ff,alapiedu,https://www.alapiedu.com/uploads/%E0%B6%AD%E0%B6%BB%E0%B6%82%E0%B6%9C.pdf,true,in_domain,document_url,sinhala_present,near_threshold,alapiedu|true|in_domain|document_url|sinhala_present|near_threshold,346,12,තරංග,5,,,other,https://www.alapiedu.com/Note,"[""direct_document_link +5""]","{""after"": """", ""anchor"": ""View"", ""before"": ""Physics | ⏳ PHYSICS Notes | තාපය | Samitha Rathnayake Jul 24, 2025 View Download Physics | ⏳ PHYSICS Notes | දෝලන හා තරංග | Samitha Rathnayake Jul 24, 2025"", ""title"": """"}",2,false,,,,
